<?xml version="1.0"?>
<!--
/**
 * BSS Commerce Co.
 *
 * NOTICE OF LICENSE
 *
 * This source file is subject to the EULA
 * that is bundled with this package in the file LICENSE.txt.
 * It is also available through the world-wide-web at this URL:
 * http://bsscommerce.com/Bss-Commerce-License.txt
 *
 * @category  BSS
 * @package   Bss_AdminPaymentMethod
 * @author    Extension Team
 * @copyright Copyright (c) 2018-2019 BSS Commerce Co. ( http://bsscommerce.com )
 * @license   http://bsscommerce.com/Bss-Commerce-License.txt
 */
-->
<config xmlns:xsi="http://www.w3.org/2001/XMLSchema-instance" xsi:noNamespaceSchemaLocation="urn:magento:module:Magento_Config:etc/system_file.xsd">
    <system>
        <section id="payment">
            <group id="adminpaymentmethod" translate="label" type="text" sortOrder="10" showInDefault="1" showInWebsite="1" showInStore="1">
                <label><![CDATA[Admin Payment Method]]></label>
                <field id="active" translate="label" type="select" sortOrder="1" showInDefault="1" showInWebsite="1" showInStore="0" canRestore="1">
                    <label><![CDATA[Enabled]]></label>
                    <source_model>Magento\Config\Model\Config\Source\Yesno</source_model>
                    <comment><![CDATA[Version 1.0.1]]></comment>
                </field>
                <field id="title" translate="label" type="text" sortOrder="10" showInDefault="1" showInWebsite="1" showInStore="1" canRestore="1">
                    <label><![CDATA[Title]]></label>
                </field>
                <field id="sort_order" translate="label" type="text" sortOrder="100" showInDefault="1" showInWebsite="1" showInStore="0">
                    <label><![CDATA[Sort Order]]></label>
                    <frontend_class>validate-number</frontend_class>
                </field>
                <field id="order_status" translate="label" type="select" sortOrder="20" showInDefault="1" showInWebsite="1" showInStore="0" canRestore="1">
                    <label><![CDATA[New Order Status]]></label>
                    <source_model>Magento\Sales\Model\Config\Source\Order\Status\NewStatus</source_model>
                </field>
                <field id="allowspecific" translate="label" type="allowspecific" sortOrder="50" showInDefault="1" showInWebsite="1" showInStore="0" canRestore="1">
                    <label><![CDATA[Payment from Applicable Countries]]></label>
                    <source_model>Magento\Payment\Model\Config\Source\Allspecificcountries</source_model>
                </field>
                <field id="specificcountry" translate="label" type="multiselect" sortOrder="51" showInDefault="1" showInWebsite="1" showInStore="0">
                    <label><![CDATA[Payment from Specific Countries]]></label>
                    <source_model>Magento\Directory\Model\Config\Source\Country</source_model>
                    <can_be_empty>1</can_be_empty>
                </field>
                <field id="preselect" translate="label" type="select" sortOrder="55" showInDefault="1" showInWebsite="1" showInStore="0" canRestore="1">
                    <label><![CDATA[Pre Select]]></label>
                    <source_model>Magento\Config\Model\Config\Source\Yesno</source_model>
                </field>
                <field id="createinvoice" translate="label" type="select" sortOrder="45" showInDefault="1" showInWebsite="1" showInStore="0" canRestore="1">
                <label><![CDATA[Auto Create Invoice]]></label>
                <source_model>Magento\Config\Model\Config\Source\Yesno</source_model>
                <comment><![CDATA[Will auto create invoice when choose Yes with Admin Payment Method]]></comment>
                </field>
                <field id="createshipment" translate="label" type="select" sortOrder="46" showInDefault="1" showInWebsite="1" showInStore="0" canRestore="1">
                    <label><![CDATA[Auto Create Shipment]]></label>
                    <source_model>Magento\Config\Model\Config\Source\Yesno</source_model>
                    <comment><![CDATA[Will auto create shipment when choose Yes with Admin Payment Method]]></comment>
                </field>
            </group>
        </section>
    </system>
</config>
