<?xml version="1.0"?>
<!--
/**
 * GiaPhuGroup Co., Ltd.
 *
 * NOTICE OF LICENSE
 *
 * This source file is subject to the GiaPhuGroup.com license that is
 * available through the world-wide-web at this URL:
 * https://www.giaphugroup.com/LICENSE.txt
 *
 * DISCLAIMER
 *
 * Do not edit or add to this file if you wish to upgrade this extension to newer
 * version in the future.
 *
 * @category    PHPCuong
 * @package     PHPCuong_CustomerAccount
 * @copyright   Copyright (c) 2018-2019 GiaPhuGroup Co., Ltd. All rights reserved. (http://www.giaphugroup.com/)
 * @license     https://www.giaphugroup.com/LICENSE.txt
 */
-->
<config xmlns:xsi="http://www.w3.org/2001/XMLSchema-instance"
    xsi:noNamespaceSchemaLocation="urn:magento:module:Magento_Customer:etc/sections.xsd">
    <action name="phpcuong/customer_ajax/register">
        <section name="checkout-data"/>
        <section name="cart"/>
        <section name="customer"/>
    </action>
    <action name="customer/ajax/login">
        <section name="checkout-data"/>
        <section name="cart"/>
        <section name="customer"/>
    </action>
</config>
